first_name,last_name
Emma,Smith
Liam,Johnson
Olivia,Williams
Noah,Brown
Ava,Jones
Elijah,Garcia
Charlotte,Miller
James,Davis
Amelia,Rodriguez
Oliver,Martinez
Benjamin,Wilson
Evelyn,Moore
Lucas,Taylor
Harper,Anderson
Mason,Thomas
Sophia,Jackson
Logan,White
Mia,Harris
Alexander,Martin
Isabella,Thompson
Ethan,Robinson
Ella,Clark
Michael,Walker
Abigail,Hall
Daniel,Allen
Scarlett,Young
Henry,King
Grace,Wright
Jackson,Scott
Victoria,Green
Sebastian,Adams
Aria,Baker
Jack,Gonzalez
Lily,Nelson
Owen,Carter
Zoey,Mitchell
Samuel,Perez
Nora,Roberts
David,Turner
Eleanor,Phillips
Joseph,Campbell
Hazel,Parker
Carter,Evans
Aurora,Edwards
Wyatt,Collins
Penelope,Stewart
Julian,Sanchez
Addison,Morris
Levi,Rogers
Stella,Reed
Chloe,Price
Gabriel,Long
Isaac,Hughes
Natalie,Cox
Ryan,Ward
Leah,Bennett
Adam,Murphy
Brooke,Bailey
Connor,Rivera
Daisy,Cooper
Evan,Richardson
Fiona,Howard
Gavin,Flores
Hailey,Ramirez
Ian,Wood
Jasmine,Barnes
Kyle,Ross
Lauren,Henderson
Miles,Coleman
Naomi,Jenkins
Parker,Perry
Quinn,Powell
Riley,Patterson
Seth,Graham
Tara,Sullivan
Victor,Wallace
Wendy,West
Xander,Hunter
Yasmine,Chambers
Zachary,Fuller
Amber,Barrett
Blake,Drake
Colin,Flynn
Delilah,Banks
Eric,Osborne
Felicity,Cross
Grant,Bradley
Holly,Stevens
Ivan,Page
Jenna,Fisher
Keith,Bates
Lila,Austin
Marcus,Miles
Nina,Caldwell
Oscar,Burke
Piper,Norton
Reid,Lambert
Sierra,Ellis
Trent,Garner
Una,Olsen
Aiden,Blackwood
Bella,Carmichael
Caleb,Donovan
Diana,Edwards
Elias,Foster
Faith,Gardner
George,Ingram
Iris,Kent
Kevin,Lawson
Mabel,Peterson
Nolan,Stevenson
Ophelia,Underwood
Preston,Vance
Rachel,Walters
Simon,Ziegler
Tiana,Browning
Uriel,Daniels
Vanessa,Ellis
Xavier,Graham
Yara,Hamilton
Zane,Irving
Arthur,Keller
Beatrice,Lawrence
Christian,Monroe
Delaney,Norris
Edward,Park
Frances,Sanders
Gregory,Tate
Hannah,Ulrich
Jasper,Wynn
Kiera,Xu
Landon,Yates
Miranda,Zuniga
Omar,Baird
Priscilla,Chapman
Quentin,Doyle
Sabrina,Firth
Trevor,Gibson
Ursula,Hodge
Vincent,Irwin
Whitney,Jarvis
Ximena,Knight
Zara,McBride
Andre,Novak
Brandi,Ortiz
Cora,Preston
Derek,Russell
Eliza,Santos
Felix,Vargas
Gemma,Abbott